Date,Sales,Quantity,Discount,year,month,day,day_of_week,is_weekend,Product_Laptop,Product_Monitor,Product_Phone,Product_Tablet,Region_North,Region_South,Region_West
2020-01-01,695.8218210731493,9.0,0.16270909949392148,2020,1,1,2,0,False,True,False,False,True,False,False
2020-01-02,503.65057624491385,2.0,0.28544356789979736,2020,1,2,3,0,False,False,False,False,True,False,False
2020-01-03,603.2929456942446,1.0,0.25415020841177227,2020,1,3,4,0,False,False,False,True,False,True,False
2020-01-04,454.9599865109816,2.0,0.27427095478544095,2020,1,4,5,1,False,False,False,False,False,True,False
2020-01-05,550.6249528732664,7.0,0.24412988649587591,2020,1,5,6,1,False,False,False,False,False,False,True
2020-01-06,482.9785418448473,3.0,0.03267550255401943,2020,1,6,0,0,False,False,True,False,True,False,False
2020-01-07,517.5493947489077,2.0,0.04469755679105841,2020,1,7,1,0,False,False,False,True,False,True,False
2020-01-08,592.7735538155371,7.0,0.15798713918068788,2020,1,8,2,0,False,False,False,True,False,False,False
2020-01-10,818.358091352819,3.0,0.14300864251234774,2020,1,10,4,0,False,False,False,False,False,True,False
2020-01-11,354.0973927750447,7.0,0.11830959714550505,2020,1,11,5,1,False,True,False,False,True,False,False
2020-01-13,679.7166310250102,1.0,0.2240627148407468,2020,1,13,0,0,False,False,False,False,True,False,False
2020-01-14,625.2494040944404,5.0,0.21464727212978232,2020,1,14,1,0,False,False,True,False,False,False,True
2020-01-15,600.6179725578232,9.0,0.1563702397456003,2020,1,15,2,0,False,True,False,False,False,False,False
2020-01-16,601.751826389642,8.0,0.2467180256451174,2020,1,16,3,0,False,False,True,False,False,True,False
2020-01-17,506.1629840729628,9.0,0.12925862746141,2020,1,17,4,0,False,True,False,False,False,True,False
2020-01-18,373.9118442771253,9.0,0.2690142869520367,2020,1,18,5,1,False,False,False,False,False,False,True
2020-01-19,520.370683729059,7.0,0.02138408101654917,2020,1,19,6,1,True,False,False,False,True,False,False
2020-01-20,407.92574327318323,4.0,0.28639800900999224,2020,1,20,0,0,False,True,False,False,False,True,False
2020-01-21,656.2679600126627,5.0,0.19640792442940444,2020,1,21,1,0,False,False,True,False,False,False,True
2020-01-22,488.44139277467923,1.0,0.11402235268116158,2020,1,22,2,0,False,False,False,False,False,False,False
2020-01-23,387.1754204811233,1.0,0.0591462379718632,2020,1,23,3,0,False,True,False,False,True,False,False
2020-01-24,463.292123752051,3.0,0.14375496883307998,2020,1,24,4,0,True,False,False,False,True,False,False
2020-01-25,573.9397181413436,8.0,0.05836749695559029,2020,1,25,5,1,True,False,False,False,False,True,False
2020-01-26,427.9413170794038,5.0,0.04989948232294265,2020,1,26,6,1,False,False,False,True,True,False,False
2020-01-27,389.66694066503527,4.0,0.18520552722389225,2020,1,27,0,0,False,False,False,True,False,False,True
2020-01-28,550.0530817237868,2.0,0.1569254173745354,2020,1,28,1,0,False,False,True,False,False,False,True
2020-01-29,550.7449856663084,5.0,0.2010288103832825,2020,1,29,2,0,False,True,False,False,False,False,False
2020-01-30,438.45852369433055,9.0,0.27888176322659675,2020,1,30,3,0,False,True,False,False,True,False,False
2020-01-31,444.3442541572516,5.0,0.15967806400171206,2020,1,31,4,0,False,False,False,True,True,False,False
2020-02-01,550.3074906036454,5.0,0.17427961597883931,2020,2,1,5,1,False,True,False,False,False,False,True
2020-02-03,305.3804338435167,1.0,0.21529073577258886,2020,2,3,0,0,True,False,False,False,False,True,False
2020-02-04,409.2333668121346,9.0,0.11997156204124686,2020,2,4,1,0,False,False,False,True,False,True,False
2020-02-05,485.4829272432229,8.0,0.2930175715987737,2020,2,5,2,0,False,False,False,False,True,False,False
2020-02-06,564.6361348397007,4.0,0.24695220467869808,2020,2,6,3,0,False,False,False,True,True,False,False
2020-02-07,739.8034325424328,5.0,0.1567443121548355,2020,2,7,4,0,False,False,False,False,True,False,False
2020-02-08,647.6489434803029,5.0,0.036966796251649815,2020,2,8,5,1,True,False,False,False,True,False,False
2020-02-09,626.8164544207717,6.0,0.2578247379841767,2020,2,9,6,1,False,False,True,False,False,False,True
2020-02-10,517.1475688145968,7.0,0.23993432862720648,2020,2,10,0,0,False,True,False,False,False,False,False
2020-02-11,626.8164544207717,8.0,0.055375538861109894,2020,2,11,1,0,True,False,False,False,True,False,False
2020-02-12,518.2230296011414,8.0,0.08858348676609303,2020,2,12,2,0,False,True,False,False,False,False,True
2020-02-13,478.20120416197926,2.0,0.23802217744435117,2020,2,13,3,0,False,False,True,False,False,False,False
2020-02-14,570.4077840507134,9.0,0.0555685339642229,2020,2,14,4,0,False,False,True,False,True,False,False
2020-02-15,398.4153584671516,7.0,0.2753257467514132,2020,2,15,5,1,True,False,False,False,False,True,False
2020-02-16,600.9019771361759,4.0,0.12735822755890855,2020,2,16,6,1,False,False,True,False,False,False,False
2020-02-17,753.4108369503866,4.0,0.026111688776297593,2020,2,17,0,0,False,False,False,False,False,False,False
2020-02-18,507.6859777314714,8.0,0.24472459305128424,2020,2,18,1,0,False,False,True,False,False,False,True
2020-02-19,584.7567583148412,4.0,0.11205290491151627,2020,2,19,2,0,False,True,False,False,False,False,False
2020-02-20,628.5215987566669,6.0,0.1579497582461343,2020,2,20,3,0,False,True,False,False,False,False,True
2020-02-21,465.31692921712454,5.0,0.03369130332336575,2020,2,21,4,0,False,True,False,False,False,True,False
2020-02-22,559.6138722715625,3.0,0.0007752044534947156,2020,2,22,5,1,False,True,False,False,True,False,False
2020-02-23,528.3888601172692,2.0,0.1913955617379893,2020,2,23,6,1,False,False,False,False,False,False,False
2020-02-24,541.6514147823248,9.0,0.15455255110011948,2020,2,24,0,0,False,False,False,True,True,False,False
2020-02-25,411.54853242168,9.0,0.17806157073694415,2020,2,25,1,0,True,False,False,False,False,False,True
2020-02-26,531.6765261388414,1.0,0.23812315511415488,2020,2,26,2,0,False,True,False,False,False,True,False
2020-02-27,603.1997436868174,3.0,0.19398177402685804,2020,2,27,3,0,False,False,True,False,True,False,False
2020-02-28,746.6715411692562,8.0,0.05243203284821315,2020,2,28,4,0,False,True,False,False,True,False,False
2020-02-29,626.8164544207717,6.0,0.10823175573317995,2020,2,29,5,1,False,False,True,False,False,False,False
2020-03-01,852.9773686267334,5.0,0.2717673314363281,2020,3,1,6,1,False,False,True,False,False,False,True
2020-03-02,415.3978655667926,5.0,0.23098341007550366,2020,3,2,0,0,False,True,False,False,False,True,False
2020-03-03,661.8480955081018,6.0,0.16699111738101516,2020,3,3,1,0,False,False,False,False,False,False,True
2020-03-04,559.0013008607527,7.0,0.07669349934278169,2020,3,4,2,0,False,False,True,False,True,False,False
2020-03-05,860.4704399826508,1.0,0.09061815055043851,2020,3,5,3,0,False,False,True,False,False,True,False
2020-03-06,411.25525719672726,9.0,0.21958742027569036,2020,3,6,4,0,False,True,False,False,True,False,False
2020-03-08,443.5911031833967,4.0,0.2014274008591843,2020,3,8,6,1,False,False,True,False,False,False,False
2020-03-09,215.41564135352894,1.0,0.24285899273053252,2020,3,9,0,0,False,True,False,False,False,True,False
2020-03-10,455.6367467478858,3.0,0.2299968405601218,2020,3,10,1,0,False,True,False,False,True,False,False
2020-03-11,626.8164544207717,2.0,0.04491119038708732,2020,3,11,2,0,True,False,False,False,False,False,False
2020-03-12,558.0590679714311,5.0,0.12718344387399058,2020,3,12,3,0,False,False,False,False,False,False,True
2020-03-13,587.2633963665739,1.0,0.0458951402485688,2020,3,13,4,0,False,False,False,False,False,False,True
2020-03-14,817.925625882383,8.0,0.07057067544059543,2020,3,14,5,1,False,False,True,False,True,False,False
2020-03-15,679.5635757279075,3.0,0.26077788739531577,2020,3,15,6,1,False,False,False,False,True,False,False
2020-03-16,450.96445165063955,3.0,0.14186758968995464,2020,3,16,0,0,False,False,True,False,False,False,True
2020-03-17,403.2377992977463,6.0,0.16060743055279825,2020,3,17,1,0,True,False,False,False,True,False,False
2020-03-18,612.2878757259758,8.0,0.05353378956833164,2020,3,18,2,0,False,True,False,False,False,True,False
2020-03-19,340.9650189469037,9.0,0.0936815358146388,2020,3,19,3,0,False,True,False,False,True,False,False
2020-03-20,626.8164544207717,9.0,0.06907385052836097,2020,3,20,4,0,False,True,False,False,False,False,False
2020-03-21,716.916018108193,4.0,0.061855849355527924,2020,3,21,5,1,False,False,False,False,False,False,True
2020-03-22,470.1236521842943,5.0,0.19138823799479102,2020,3,22,6,1,True,False,False,False,False,False,False
2020-03-23,284.02982063636836,2.0,0.07706515429371444,2020,3,23,0,0,False,False,False,False,False,False,False
2020-03-24,744.5808561248119,9.0,0.18960464580612554,2020,3,24,1,0,False,False,False,False,True,False,False
2020-03-25,524.8190232121074,8.0,0.01753638423256617,2020,3,25,2,0,True,False,False,False,False,True,False
2020-03-26,728.1724467960192,3.0,0.042532318058130555,2020,3,26,3,0,True,False,False,False,False,True,False
2020-03-27,626.8164544207717,9.0,0.08236207620003762,2020,3,27,4,0,True,False,False,False,False,True,False
2020-03-29,626.8164544207717,9.0,0.20275237352621278,2020,3,29,6,1,False,True,False,False,False,True,False
2020-03-30,551.5470890647114,5.0,0.13281509003385814,2020,3,30,0,0,False,False,False,True,False,False,False
2020-03-31,626.8164544207717,9.0,0.13373727437316868,2020,3,31,1,0,False,False,False,True,False,True,False
2020-04-01,638.9274898521248,8.0,0.2173550554195854,2020,4,1,2,0,True,False,False,False,True,False,False
2020-04-02,385.85693559261085,9.0,0.004746327529674732,2020,4,2,3,0,False,False,False,True,False,False,False
2020-04-03,525.143077246806,5.0,0.10232700734226616,2020,4,3,4,0,False,False,False,True,True,False,False
2020-04-04,565.0443447567849,2.0,0.2456121171357698,2020,4,4,5,1,True,False,False,False,True,False,False
2020-04-05,624.6658251088123,8.0,0.18096582306401165,2020,4,5,6,1,False,False,False,True,True,False,False
2020-04-06,654.7422317133335,6.0,0.1011681398266261,2020,4,6,0,0,False,False,False,False,False,True,False
2020-04-07,379.8036862243196,8.0,0.27165743769890216,2020,4,7,1,0,False,False,True,False,False,False,True
2020-04-08,626.8164544207717,5.0,0.23178681823481476,2020,4,8,2,0,False,False,True,False,False,True,False
2020-04-09,741.1515232847763,2.0,0.07946863417102003,2020,4,9,3,0,True,False,False,False,False,True,False
2020-04-10,599.8471017969388,6.0,0.19358695125771505,2020,4,10,4,0,False,True,False,False,False,False,True
2020-04-11,438.227019516517,5.0,0.178725218456687,2020,4,11,5,1,True,False,False,False,True,False,False
2020-04-12,783.6727963283785,5.0,0.1203563742116948,2020,4,12,6,1,False,True,False,False,True,False,False
2020-04-13,568.8511951439287,1.0,0.1100868237614402,2020,4,13,0,0,False,False,True,False,False,False,False
2020-04-14,728.894577609574,2.0,0.10306814243271119,2020,4,14,1,0,True,False,False,False,False,False,False
2020-04-15,562.6277722115163,8.0,0.18514673501869403,2020,4,15,2,0,False,False,False,False,False,False,False
2020-04-16,862.1121887322981,5.0,0.13272298094420085,2020,4,16,3,0,False,False,False,True,True,False,False
2020-04-17,816.8011263664807,3.0,0.2495589339754266,2020,4,17,4,0,False,True,False,False,False,False,True
2020-04-18,516.655377728139,8.0,0.20088078484018856,2020,4,18,5,1,False,False,False,True,False,True,False
2020-04-19,700.2356426431534,8.0,0.020979481712830237,2020,4,19,6,1,False,False,False,True,True,False,False
2020-04-20,651.8063924377722,2.0,0.1920504671484498,2020,4,20,0,0,True,False,False,False,True,False,False
2020-04-21,760.7947336298523,8.0,0.08134423095005544,2020,4,21,1,0,False,False,False,True,False,False,False
2020-04-22,411.2614809129843,1.0,0.1778435974960268,2020,4,22,2,0,False,False,False,False,False,False,False
2020-04-23,659.4077189997658,6.0,0.20403957933103542,2020,4,23,3,0,False,False,False,True,True,False,False
2020-04-24,715.7636730274381,5.0,0.06924875674620362,2020,4,24,4,0,True,False,False,False,False,True,False
2020-04-25,293.68907703653286,3.0,0.1370575934641106,2020,4,25,5,1,False,False,False,False,False,False,True
2020-04-27,252.61517333598493,1.0,0.01570166273595249,2020,4,27,0,0,False,False,False,True,False,True,False
2020-04-28,518.5889748333163,9.0,0.11354292704576072,2020,4,28,1,0,True,False,False,False,False,False,True
2020-04-29,667.1313383693944,9.0,0.10888328155379759,2020,4,29,2,0,False,False,True,False,True,False,False
2020-04-30,785.3535578144042,5.0,0.2986441472112771,2020,4,30,3,0,False,False,True,False,True,False,False
2020-05-01,571.6142170629663,5.0,0.13390570535929264,2020,5,1,4,0,False,True,False,False,True,False,False
2020-05-02,805.2923318356937,6.0,0.10007086484166013,2020,5,2,5,1,False,False,False,False,False,False,True
2020-05-03,354.48478126776627,7.0,0.1741425020150024,2020,5,3,6,1,False,False,False,True,False,True,False
2020-05-04,626.8164544207717,5.0,0.026630218232330537,2020,5,4,0,0,True,False,False,False,True,False,False
2020-05-05,554.1678451655072,9.0,0.2884997207864439,2020,5,5,1,0,False,True,False,False,False,False,False
2020-05-06,620.6098173408961,3.0,0.19048801367730994,2020,5,6,2,0,False,False,False,False,True,False,False
2020-05-07,558.595787785886,7.0,0.2264513459822543,2020,5,7,3,0,False,True,False,False,False,False,True
2020-05-08,626.8164544207717,5.0,0.051143381452175264,2020,5,8,4,0,False,False,False,False,False,True,False
2020-05-09,626.8164544207717,5.0,0.12284335590156116,2020,5,9,5,1,False,False,False,False,True,False,False
2020-05-10,369.32957492427204,2.0,0.12680673401885686,2020,5,10,6,1,False,False,False,True,True,False,False
2020-05-11,665.9508823245058,4.0,0.24654193317032602,2020,5,11,0,0,False,False,False,False,False,False,True
2020-05-12,620.9897369145273,2.0,0.00037100392782283274,2020,5,12,1,0,False,True,False,False,True,False,False
2020-05-13,425.51803205089675,7.0,0.09025593250597652,2020,5,13,2,0,False,False,False,False,False,False,True
2020-05-14,489.91996239949594,2.0,0.29437091230329115,2020,5,14,3,0,False,False,False,True,True,False,False
2020-05-15,408.6179717166573,1.0,0.14246596305186557,2020,5,15,4,0,False,False,False,True,True,False,False
2020-05-16,558.5981354090243,9.0,0.11475788407320248,2020,5,16,5,1,False,True,False,False,True,False,False
2020-05-17,711.7713480751858,1.0,0.035948700605293905,2020,5,17,6,1,False,False,True,False,False,True,False
2020-05-18,421.1410930496684,8.0,0.29224938858840466,2020,5,18,0,0,False,False,True,False,False,True,False
2020-05-19,645.1069773276766,2.0,0.00600790677774734,2020,5,19,1,0,False,False,False,False,True,False,False
2020-05-20,490.46135724413386,8.0,0.22115406750217292,2020,5,20,2,0,True,False,False,False,False,True,False
2020-05-21,451.56907516064837,5.0,0.23057994143655253,2020,5,21,3,0,False,False,False,False,False,True,False
2020-05-22,554.9454460068164,6.0,0.07309701481915999,2020,5,22,4,0,False,True,False,False,True,False,False
2020-05-23,416.2136516370939,3.0,0.2014675330839112,2020,5,23,5,1,False,True,False,False,True,False,False
2020-05-24,488.9526041979227,7.0,0.027878743313816977,2020,5,24,6,1,False,True,False,False,False,False,True
2020-05-25,392.81831611167274,9.0,0.07711417992962395,2020,5,25,0,0,False,True,False,False,True,False,False
2020-05-26,867.7087699374583,2.0,0.2363705964876795,2020,5,26,1,0,False,True,False,False,True,False,False
2020-05-27,578.7895327957592,5.0,0.2594058576100621,2020,5,27,2,0,False,False,False,True,False,False,True
2020-05-28,469.04117380111217,6.0,0.18254592379793738,2020,5,28,3,0,False,False,True,False,False,True,False
2020-05-29,606.5969866101333,4.0,0.1520515295461448,2020,5,29,4,0,False,True,False,False,False,True,False
2020-05-30,558.1507925463756,4.0,0.04779120618569409,2020,5,30,5,1,True,False,False,False,True,False,False
2020-05-31,542.3545600700165,4.0,0.018932709923745048,2020,5,31,6,1,True,False,False,False,True,False,False
2020-06-01,668.1250050065138,2.0,0.035294708542067586,2020,6,1,0,0,True,False,False,False,False,False,False
2020-06-03,497.4248278584209,1.0,0.10250235056907625,2020,6,3,2,0,False,False,False,True,True,False,False
2020-06-04,491.127263903298,6.0,0.11427285765329616,2020,6,4,3,0,True,False,False,False,True,False,False
2020-06-05,536.7422454272535,1.0,0.10389653057670106,2020,6,5,4,0,False,True,False,False,False,False,True
2020-06-06,233.21182528966227,6.0,0.07171659965917968,2020,6,6,5,1,False,False,False,False,False,False,False
2020-06-07,351.72134067021716,5.0,0.15291727402550945,2020,6,7,6,1,True,False,False,False,True,False,False
2020-06-08,784.5311401166787,5.0,0.24758583246986904,2020,6,8,0,0,False,False,False,True,False,False,True
2020-06-09,826.7451570251926,8.0,0.08391106154144376,2020,6,9,1,0,False,False,False,True,True,False,False
2020-06-10,543.1445940665433,2.0,0.2827161057306699,2020,6,10,2,0,True,False,False,False,False,False,True
2020-06-11,667.4835444583649,5.0,0.26200099851715436,2020,6,11,3,0,False,False,False,False,False,False,False
2020-06-12,628.1875231815304,4.0,0.048529263405632884,2020,6,12,4,0,True,False,False,False,False,False,False
2020-06-13,1043.8321212682856,3.0,0.23588278702712834,2020,6,13,5,1,False,False,False,True,False,False,True
2020-06-15,563.812361277885,7.0,0.16997260865142558,2020,6,15,0,0,False,True,False,False,True,False,False
2020-06-16,626.8164544207717,1.0,0.11731282891745232,2020,6,16,1,0,False,False,False,True,False,True,False
2020-06-17,343.0330519613641,6.0,0.1503458997546029,2020,6,17,2,0,True,False,False,False,True,False,False
2020-06-18,615.0195453800835,3.0,0.11915363322876331,2020,6,18,3,0,False,True,False,False,False,False,True
2020-06-19,471.5473882073545,7.0,0.16191978562798284,2020,6,19,4,0,True,False,False,False,True,False,False
2020-06-20,626.8164544207717,2.0,0.18838501583179074,2020,6,20,5,1,True,False,False,False,False,True,False
2020-06-21,489.014067363621,5.0,0.20229114192271452,2020,6,21,6,1,False,False,True,False,True,False,False
2020-06-22,424.26779945784074,4.0,0.15974435776782783,2020,6,22,0,0,False,True,False,False,False,False,True
2020-06-23,840.0712452608848,1.0,0.2164266201986195,2020,6,23,1,0,False,True,False,False,True,False,False
2020-06-24,719.7459635424176,3.0,0.042383414782651736,2020,6,24,2,0,False,False,True,False,False,False,True
2020-06-25,586.8041038025074,9.0,0.06359474727067156,2020,6,25,3,0,False,False,False,True,True,False,False
2020-06-26,810.4916208335039,7.0,0.24562050122228102,2020,6,26,4,0,True,False,False,False,True,False,False
2020-06-28,460.30736980076045,4.0,0.006868147492836074,2020,6,28,6,1,True,False,False,False,False,True,False
2020-06-29,818.4686115904486,2.0,0.04613734490040933,2020,6,29,0,0,True,False,False,False,True,False,False
2020-06-30,671.3365065526988,4.0,0.06708433034889337,2020,6,30,1,0,False,False,False,True,False,True,False
2020-07-01,435.4130768510315,6.0,0.28719686636837616,2020,7,1,2,0,True,False,False,False,False,True,False
2020-07-02,562.9491982874588,3.0,0.1719124286792548,2020,7,2,3,0,False,False,True,False,True,False,False
2020-07-03,460.6572619922864,1.0,0.2798192221428764,2020,7,3,4,0,False,False,True,False,False,False,True
2020-07-04,385.0800403553496,8.0,0.17254900514898747,2020,7,4,5,1,False,True,False,False,False,False,False
2020-07-05,731.9266321297462,5.0,0.14380633204135554,2020,7,5,6,1,False,False,False,False,False,False,True
2020-07-06,879.9124960705196,5.0,0.0941183073582288,2020,7,6,0,0,True,False,False,False,True,False,False
2020-07-07,384.2148639271288,4.0,0.18191128333001266,2020,7,7,1,0,True,False,False,False,False,True,False
2020-07-08,626.8164544207717,6.0,0.04175940738525895,2020,7,8,2,0,False,False,False,True,True,False,False
2020-07-09,497.403614631726,3.0,0.2694784881878118,2020,7,9,3,0,False,False,True,False,True,False,False
2020-07-10,522.4311924352955,9.0,0.2487997215423851,2020,7,10,4,0,False,False,False,False,True,False,False
2020-07-11,507.1409113641696,5.0,0.0952594343630211,2020,7,11,5,1,False,True,False,False,False,False,True
2020-07-12,466.90138454802764,3.0,0.2858392582803883,2020,7,12,6,1,False,False,True,False,True,False,False
2020-07-13,604.2782441917241,1.0,0.24756023022467044,2020,7,13,0,0,False,True,False,False,True,False,False
2020-07-14,626.8164544207717,6.0,0.1998920657505119,2020,7,14,1,0,False,False,False,True,True,False,False
2020-07-15,638.5685238669759,2.0,0.036528573337582436,2020,7,15,2,0,False,False,False,True,False,True,False
2020-07-16,590.9642835826294,3.0,0.14347020691442167,2020,7,16,3,0,True,False,False,False,False,True,False
2020-07-17,626.8164544207717,1.0,0.15183226645402526,2020,7,17,4,0,False,False,False,False,False,True,False
2020-07-18,626.8164544207717,9.0,0.06976540750961403,2020,7,18,5,1,False,True,False,False,False,True,False
2020-07-19,513.4843004147501,8.0,0.023989618307790582,2020,7,19,6,1,False,False,True,False,True,False,False
2020-07-20,626.8164544207717,2.0,0.2330170891415078,2020,7,20,0,0,False,False,False,True,False,False,False
2020-07-21,676.1375781436572,8.0,0.03661051563731851,2020,7,21,1,0,True,False,False,False,True,False,False
2020-07-22,454.86671328021737,9.0,0.1782872251685324,2020,7,22,2,0,True,False,False,False,False,False,False
2020-07-23,616.8998458143839,1.0,0.28093475216509817,2020,7,23,3,0,False,True,False,False,True,False,False
2020-07-24,626.8164544207717,5.0,0.26283155777941275,2020,7,24,4,0,False,False,False,True,False,False,False
2020-07-25,352.5892078317942,5.0,0.08332578712477834,2020,7,25,5,1,False,False,False,False,True,False,False
2020-07-26,685.0040288569903,2.0,0.2554345912653796,2020,7,26,6,1,False,False,False,True,True,False,False
2020-07-27,504.606436158123,4.0,9.975183614682192e-05,2020,7,27,0,0,False,True,False,False,True,False,False
2020-07-28,690.089800288974,7.0,0.005306342883977166,2020,7,28,1,0,False,True,False,False,False,False,True
2020-07-29,490.51112651862246,3.0,0.18076594915285948,2020,7,29,2,0,False,False,False,True,True,False,False
2020-07-30,334.76768490032214,5.0,0.10943946574335885,2020,7,30,3,0,False,True,False,False,True,False,False
2020-07-31,361.86863431752556,8.0,0.11593825234774413,2020,7,31,4,0,False,False,False,True,False,False,True
2020-08-01,613.7127419992073,3.0,0.16933232720366473,2020,8,1,5,1,False,False,True,False,True,False,False
2020-08-02,645.9583752582223,4.0,0.05753473667755817,2020,8,2,6,1,False,False,False,True,True,False,False
2020-08-03,471.8525062343387,9.0,0.0635266051996435,2020,8,3,0,0,False,False,False,True,False,False,True
2020-08-04,703.788868816606,7.0,0.1453804761056594,2020,8,4,1,0,False,True,False,False,False,False,False
2020-08-05,359.271990659656,1.0,0.22627606330315891,2020,8,5,2,0,False,True,False,False,False,False,True
2020-08-06,599.0880302029025,4.0,0.1858493254222763,2020,8,6,3,0,True,False,False,False,False,False,False
2020-08-07,427.8475700356315,4.0,0.08920651447105167,2020,8,7,4,0,True,False,False,False,False,False,True
2020-08-08,512.2245838296761,9.0,0.12910115325267635,2020,8,8,5,1,False,False,True,False,False,False,False
2020-08-09,617.6098006974621,6.0,0.05119942756499952,2020,8,9,6,1,True,False,False,False,False,True,False
2020-08-10,481.93799520740714,9.0,0.02238894430112451,2020,8,10,0,0,False,False,False,True,True,False,False
2020-08-11,553.8166683655262,6.0,0.23480881222324476,2020,8,11,1,0,False,True,False,False,True,False,False
2020-08-12,762.9439213821661,6.0,0.07961622275645837,2020,8,12,2,0,True,False,False,False,False,True,False
2020-08-13,525.9662195715277,5.0,0.053329916355374464,2020,8,13,3,0,True,False,False,False,True,False,False
2020-08-14,738.3538168097713,5.0,0.20748541667079579,2020,8,14,4,0,False,False,True,False,False,False,False
2020-08-15,444.0439718013573,2.0,0.1854155022861558,2020,8,15,5,1,False,False,True,False,False,True,False
2020-08-16,693.4706266872925,8.0,0.18995688780403922,2020,8,16,6,1,False,False,False,True,True,False,False
2020-08-17,830.735293098685,5.0,0.06866838145398409,2020,8,17,0,0,False,True,False,False,True,False,False
2020-08-18,244.2533249809066,1.0,0.0697936615688043,2020,8,18,1,0,False,False,True,False,False,True,False
2020-08-19,495.96571167942847,8.0,0.06624078893569174,2020,8,19,2,0,True,False,False,False,False,False,True
2020-08-20,702.560819077081,5.0,0.05212577869868835,2020,8,20,3,0,False,True,False,False,False,False,False
2020-08-22,672.6718810056964,2.0,0.2544047655748204,2020,8,22,5,1,True,False,False,False,True,False,False
2020-08-23,526.9022219926269,6.0,0.21729524090299837,2020,8,23,6,1,False,False,True,False,True,False,False
2020-08-24,630.988468120935,9.0,0.23762809012816294,2020,8,24,0,0,True,False,False,False,False,True,False
2020-08-25,595.148414691188,1.0,0.12143952872555994,2020,8,25,1,0,False,True,False,False,False,True,False
2020-08-26,794.1673092489712,6.0,0.19622273861159942,2020,8,26,2,0,False,False,False,False,True,False,False
2020-08-27,657.6631264951819,9.0,0.10627087213343235,2020,8,27,3,0,False,False,False,False,False,False,True
2020-08-28,670.6403993112804,8.0,0.157651386590592,2020,8,28,4,0,False,False,False,True,False,False,False
2020-08-29,626.8164544207717,6.0,0.1444904539604587,2020,8,29,5,1,True,False,False,False,True,False,False
2020-08-30,547.8590663891259,3.0,0.053066143543156315,2020,8,30,6,1,True,False,False,False,False,True,False
2020-08-31,556.6162718270568,8.0,0.11612362810068924,2020,8,31,0,0,False,False,False,True,False,False,False
2020-09-01,681.1678213567445,9.0,0.2891466826447053,2020,9,1,1,0,False,False,False,True,False,True,False
2020-09-02,559.3523278769605,1.0,0.07457407731448262,2020,9,2,2,0,False,False,False,True,False,False,True
2020-09-03,666.466228534462,9.0,0.040141120883846616,2020,9,3,3,0,False,True,False,False,False,False,False
2020-09-04,934.8101197968158,6.0,0.12557418648718058,2020,9,4,4,0,True,False,False,False,False,False,True
2020-09-05,754.6687055147538,6.0,0.2371013207580444,2020,9,5,5,1,False,True,False,False,False,True,False
2020-09-06,575.5964701748238,4.0,0.1746444689339917,2020,9,6,6,1,False,False,False,True,False,True,False
2020-09-07,805.1820883245917,1.0,0.20429244817147335,2020,9,7,0,0,True,False,False,False,False,False,False
2020-09-09,626.8164544207717,2.0,0.18568445790231644,2020,9,9,2,0,False,True,False,False,False,False,False
2020-09-10,626.8164544207717,1.0,0.09705011847344212,2020,9,10,3,0,False,False,False,True,True,False,False
2020-09-11,346.38121184612163,2.0,0.25029100978643026,2020,9,11,4,0,True,False,False,False,True,False,False
2020-09-12,574.7729773938037,1.0,0.18878964180322086,2020,9,12,5,1,False,False,False,True,True,False,False
2020-09-13,630.7627568784328,1.0,0.05965688333258877,2020,9,13,6,1,True,False,False,False,True,False,False
2020-09-14,879.9655968412924,9.0,0.019385003953225843,2020,9,14,0,0,False,False,False,False,True,False,False
2020-09-16,596.6349206786704,4.0,0.11142257029504223,2020,9,16,2,0,False,False,True,False,True,False,False
2020-09-17,754.4108371775234,6.0,0.07975534099629404,2020,9,17,3,0,False,False,True,False,True,False,False
2020-09-18,626.8164544207717,7.0,0.1938270370387524,2020,9,18,4,0,False,False,False,True,False,False,False
2020-09-19,666.3421837162849,2.0,0.14980015049358547,2020,9,19,5,1,False,False,False,False,True,False,False
2020-09-20,747.129779083045,6.0,0.07980578340161422,2020,9,20,6,1,True,False,False,False,False,True,False
2020-09-21,410.2120631330238,7.0,0.04477133338505283,2020,9,21,0,0,False,True,False,False,True,False,False
2020-09-22,626.8164544207717,2.0,0.03815992880623487,2020,9,22,1,0,True,False,False,False,True,False,False
2020-09-23,683.7744611241621,2.0,0.2593981176421253,2020,9,23,2,0,False,True,False,False,True,False,False
2020-09-24,571.2068129148798,7.0,0.07304339052146017,2020,9,24,3,0,True,False,False,False,False,False,False
2020-09-25,728.9172799159427,1.0,0.19551319437329048,2020,9,25,4,0,False,False,False,False,False,False,True
2020-09-26,975.1039286706593,8.0,0.24320577839587987,2020,9,26,5,1,False,True,False,False,False,False,True
2020-09-27,626.8164544207717,3.0,0.18422439335542082,2020,9,27,6,1,False,False,False,True,False,False,True
2020-09-28,672.7330879450504,6.0,0.25786956949408374,2020,9,28,0,0,True,False,False,False,True,False,False
2020-09-29,567.0958650689633,9.0,0.11771811645854235,2020,9,29,1,0,True,False,False,False,False,True,False
2020-09-30,509.0233445802812,6.0,0.28686665719468446,2020,9,30,2,0,False,True,False,False,False,False,True
2020-10-01,761.5503724816368,9.0,0.03994350125342908,2020,10,1,3,0,False,False,False,True,True,False,False
2020-10-02,509.08742611366995,7.0,0.03064485889726143,2020,10,2,4,0,False,False,False,True,False,True,False
2020-10-03,648.7349355829089,9.0,0.19760764386223306,2020,10,3,5,1,False,False,False,False,False,True,False
2020-10-04,566.8513829852325,2.0,0.2828493424239785,2020,10,4,6,1,False,False,False,True,False,False,False
2020-10-05,626.8164544207717,8.0,0.2426650384908984,2020,10,5,0,0,False,False,False,True,True,False,False
2020-10-06,689.5493157930423,8.0,0.022925057831415428,2020,10,6,1,0,False,False,False,True,False,True,False
2020-10-07,795.6309916386849,2.0,0.08381031418041492,2020,10,7,2,0,False,False,True,False,False,False,False
2020-10-08,563.9975401717879,4.0,0.27909566545134706,2020,10,8,3,0,False,False,False,False,True,False,False
2020-10-09,626.8164544207717,7.0,0.07591752984023536,2020,10,9,4,0,True,False,False,False,True,False,False
2020-10-10,494.6854426326539,4.0,0.23435112713607575,2020,10,10,5,1,False,True,False,False,True,False,False
2020-10-11,575.3560109885832,4.0,0.24753965877861112,2020,10,11,6,1,True,False,False,False,False,False,True
2020-10-12,699.0950739567278,5.0,0.14863563103829452,2020,10,12,0,0,False,False,False,False,True,False,False
2020-10-13,756.5482924968028,6.0,0.11590467295449464,2020,10,13,1,0,False,True,False,False,False,True,False
2020-10-14,505.1752013733562,5.0,0.13503732972592788,2020,10,14,2,0,False,False,False,False,False,False,False
2020-10-15,774.440888015849,9.0,0.06808940830960925,2020,10,15,3,0,False,False,False,True,False,False,False
2020-10-16,847.8456788207427,2.0,0.26681727483865325,2020,10,16,4,0,False,True,False,False,False,False,False
2020-10-17,707.0152354835551,6.0,0.13518589701892736,2020,10,17,5,1,False,False,False,True,False,False,True
2020-10-18,927.0193718837099,7.0,0.26473783213682994,2020,10,18,6,1,True,False,False,False,False,False,False
2020-10-19,529.9316201344641,9.0,0.031708043971882226,2020,10,19,0,0,True,False,False,False,False,False,False
2020-10-20,459.80179450328745,3.0,0.2964825813000394,2020,10,20,1,0,False,True,False,False,False,False,False
2020-10-21,380.1919626643582,3.0,0.13298192623308547,2020,10,21,2,0,False,True,False,False,False,False,False
2020-10-22,626.8164544207717,7.0,0.01434924611823164,2020,10,22,3,0,False,False,False,False,False,False,False
2020-10-23,746.1548484531087,4.0,0.011406554471236474,2020,10,23,4,0,False,False,False,False,True,False,False
2020-10-24,640.1622993634317,8.0,0.22386217724455157,2020,10,24,5,1,False,False,False,True,True,False,False
2020-10-25,690.9952939479731,7.0,0.19771066026110423,2020,10,25,6,1,False,True,False,False,True,False,False
2020-10-26,480.6766429052435,5.0,0.24063916743827624,2020,10,26,0,0,True,False,False,False,True,False,False
2020-10-27,1016.862796942524,7.0,0.03161026018584179,2020,10,27,1,0,False,False,False,False,False,True,False
2020-10-28,669.8831772962841,3.0,0.010671260110664504,2020,10,28,2,0,False,False,False,False,False,False,False
2020-10-29,667.4092191907339,2.0,0.15257378683427353,2020,10,29,3,0,True,False,False,False,False,False,False
2020-10-30,626.8164544207717,6.0,0.11627856944483085,2020,10,30,4,0,False,False,False,False,False,True,False
2020-10-31,626.8164544207717,2.0,0.13858408100128672,2020,10,31,5,1,False,False,False,True,False,True,False
2020-11-01,686.0826036418697,3.0,0.2974765226610822,2020,11,1,6,1,False,True,False,False,True,False,False
2020-11-02,534.4288316832033,6.0,0.29122498730120105,2020,11,2,0,0,True,False,False,False,False,True,False
2020-11-03,724.2202535703993,5.0,0.28269461690195785,2020,11,3,1,0,False,True,False,False,True,False,False
2020-11-04,936.3036744712551,8.0,0.23515280303030214,2020,11,4,2,0,False,False,False,False,False,True,False
2020-11-05,856.3130069232467,9.0,0.10645240807706711,2020,11,5,3,0,False,False,False,False,True,False,False
2020-11-06,893.9779939959095,3.0,0.12363927907883147,2020,11,6,4,0,True,False,False,False,False,False,False
2020-11-07,578.8176485353222,3.0,0.16488481311567735,2020,11,7,5,1,False,False,False,True,True,False,False
2020-11-08,507.55927696121284,3.0,0.24916033692145195,2020,11,8,6,1,False,False,True,False,False,False,False
2020-11-09,637.6319619850528,6.0,0.020613849755480328,2020,11,9,0,0,True,False,False,False,True,False,False
2020-11-10,665.3587368433042,1.0,0.12728906576546642,2020,11,10,1,0,False,False,True,False,False,False,True
2020-11-11,626.8164544207717,7.0,0.024785299037780605,2020,11,11,2,0,False,False,True,False,True,False,False
2020-11-12,404.13030554277714,1.0,0.15439727597205347,2020,11,12,3,0,False,False,False,True,False,False,False
2020-11-13,887.932547919092,5.0,0.2696702472018706,2020,11,13,4,0,False,False,True,False,True,False,False
2020-11-14,635.2988152131516,8.0,0.23474547736918136,2020,11,14,5,1,False,False,True,False,True,False,False
2020-11-15,595.467839507887,4.0,0.06835272526293298,2020,11,15,6,1,False,False,False,True,False,True,False
2020-11-16,508.1843437109749,5.0,0.2927972548796377,2020,11,16,0,0,False,False,True,False,False,False,True
2020-11-17,412.2714992201346,5.0,0.20020511941392852,2020,11,17,1,0,False,False,True,False,True,False,False
2020-11-18,784.4755875942872,4.0,0.00312830981922092,2020,11,18,2,0,False,False,True,False,False,False,True
2020-11-19,672.4976950782606,8.0,0.07662404540556585,2020,11,19,3,0,True,False,False,False,False,True,False
2020-11-20,468.50586503884193,2.0,0.07821398997597497,2020,11,20,4,0,True,False,False,False,False,False,True
2020-11-21,468.23818419045756,1.0,0.02077629188575798,2020,11,21,5,1,True,False,False,False,False,True,False
2020-11-22,612.6322951064808,3.0,0.2879479554227787,2020,11,22,6,1,False,False,False,True,False,False,True
2020-11-23,913.8532287934089,9.0,0.14347658837277713,2020,11,23,0,0,False,False,False,False,True,False,False
2020-11-24,625.0612972954593,4.0,0.2687443792115646,2020,11,24,1,0,False,False,True,False,False,False,True
2020-11-25,439.0285570322841,5.0,0.0966646510333885,2020,11,25,2,0,False,False,True,False,True,False,False
2020-11-26,628.1385403871084,2.0,0.037570071129848136,2020,11,26,3,0,False,False,False,True,True,False,False
2020-11-27,624.5914645378494,4.0,0.14230083297186416,2020,11,27,4,0,False,False,True,False,False,False,True
2020-11-28,261.46700355876425,2.0,0.03418699041429515,2020,11,28,5,1,True,False,False,False,True,False,False
2020-11-30,632.3598204686983,4.0,0.2760891543658223,2020,11,30,0,0,False,True,False,False,True,False,False
2020-12-01,771.9309547220128,6.0,0.1562304425502638,2020,12,1,1,0,False,False,True,False,False,True,False
2020-12-02,945.3434142418018,7.0,0.18494991806852504,2020,12,2,2,0,True,False,False,False,False,False,True
2020-12-03,837.4847544321636,3.0,0.04699153109214249,2020,12,3,3,0,False,True,False,False,True,False,False
2020-12-04,628.6666964167755,3.0,0.013120687763990845,2020,12,4,4,0,False,False,False,False,False,False,True
2020-12-05,503.52111368874944,6.0,0.03324238865394211,2020,12,5,5,1,False,True,False,False,True,False,False
2020-12-07,679.3827651021733,2.0,0.028503509697691398,2020,12,7,0,0,False,True,False,False,False,False,False
2020-12-08,673.0893937869419,8.0,0.11279786698239341,2020,12,8,1,0,False,False,False,True,True,False,False
2020-12-09,667.8812369334995,5.0,0.1650275821374468,2020,12,9,2,0,False,True,False,False,False,False,False
2020-12-10,626.8164544207717,1.0,0.1165958395889541,2020,12,10,3,0,False,False,True,False,False,True,False
2020-12-11,650.8459382114086,3.0,0.049105140439590446,2020,12,11,4,0,False,False,True,False,False,False,True
2020-12-12,586.9506989679646,8.0,0.08213739225423196,2020,12,12,5,1,False,False,False,True,False,False,False
2020-12-13,591.4711588139412,5.0,0.2784952598545731,2020,12,13,6,1,True,False,False,False,False,False,True
2020-12-14,669.0870094676002,7.0,0.2027946826759066,2020,12,14,0,0,False,False,True,False,False,False,True
2020-12-15,626.8164544207717,2.0,0.14881435160396597,2020,12,15,1,0,False,False,False,False,True,False,False
2020-12-16,568.0731325984253,7.0,0.003814466996068055,2020,12,16,2,0,False,False,True,False,False,False,False
2020-12-17,691.4645341537845,5.0,0.29772462014684103,2020,12,17,3,0,False,False,True,False,False,False,False
2020-12-18,637.7534173868717,5.0,0.20143648046839296,2020,12,18,4,0,True,False,False,False,True,False,False
2020-12-19,902.0989482874033,6.0,0.09507674320348349,2020,12,19,5,1,False,True,False,False,True,False,False
2020-12-20,279.3545287410482,9.0,0.26378059799935144,2020,12,20,6,1,False,False,True,False,True,False,False
2020-12-21,841.2260277883693,6.0,0.07752948608754542,2020,12,21,0,0,False,False,False,True,True,False,False
2020-12-22,864.9127788746443,8.0,0.16320497375482548,2020,12,22,1,0,False,True,False,False,False,False,True
2020-12-23,367.4914651387776,7.0,0.19082122911894753,2020,12,23,2,0,False,False,False,False,False,False,True
2020-12-24,627.5968608879477,9.0,0.06631901143611853,2020,12,24,3,0,True,False,False,False,False,False,False
2020-12-25,623.7838701006312,4.0,0.29351918364017876,2020,12,25,4,0,False,False,False,False,True,False,False
2020-12-26,468.8732457923268,2.0,0.22445757179369927,2020,12,26,5,1,False,True,False,False,True,False,False
2020-12-27,563.8274968613687,7.0,0.16734396765332096,2020,12,27,6,1,False,True,False,False,True,False,False
2020-12-28,514.4136231801257,6.0,0.05417837945259026,2020,12,28,0,0,False,True,False,False,False,False,True
2020-12-30,822.3517589721191,9.0,0.09601794975629503,2020,12,30,2,0,False,True,False,False,False,False,False
2020-12-31,873.2332642491237,9.0,0.22595620077402084,2020,12,31,3,0,False,False,False,False,True,False,False
2021-01-01,791.2508096064853,2.0,0.08079938949060751,2021,1,1,4,0,False,True,False,False,False,True,False
2021-01-02,514.1422343174156,3.0,0.16186686614865153,2021,1,2,5,1,False,False,False,True,True,False,False
2021-01-03,605.3219600580339,5.0,0.21838415301922295,2021,1,3,6,1,False,True,False,False,True,False,False
2021-01-04,757.9061841841877,5.0,0.0323831143939393,2021,1,4,0,0,False,False,False,False,False,True,False
2021-01-05,501.6808286662082,1.0,0.205589404834762,2021,1,5,1,0,False,False,True,False,False,False,False
2021-01-06,792.4497645258582,8.0,0.02756126631301341,2021,1,6,2,0,False,True,False,False,True,False,False
2021-01-07,649.9511902762797,8.0,0.28953892263809894,2021,1,7,3,0,False,False,True,False,True,False,False
2021-01-08,630.2768788675603,4.0,0.14651823901948188,2021,1,8,4,0,False,False,False,True,False,True,False
2021-01-09,793.6439952305237,7.0,0.045202832312963216,2021,1,9,5,1,True,False,False,False,True,False,False
2021-01-10,754.139496722906,3.0,0.10271509081006394,2021,1,10,6,1,False,False,False,True,False,False,False
2021-01-11,633.855075127138,6.0,0.12402493478857843,2021,1,11,0,0,False,True,False,False,True,False,False
2021-01-12,862.3994705046372,9.0,0.2274555033229612,2021,1,12,1,0,False,False,True,False,False,False,False
2021-01-13,526.8405008600154,1.0,0.22302713582298278,2021,1,13,2,0,False,False,True,False,True,False,False
2021-01-14,781.8903410416395,5.0,0.1835821516011993,2021,1,14,3,0,False,False,False,False,False,False,False
2021-01-15,778.9651886952576,4.0,0.03177921376754789,2021,1,15,4,0,False,False,True,False,False,True,False
2021-01-16,644.0680341029015,8.0,0.045470811476302074,2021,1,16,5,1,False,False,False,False,False,True,False
2021-01-17,739.9199533363177,1.0,0.028127076193666986,2021,1,17,6,1,True,False,False,False,False,False,False
2021-01-18,503.83296354220454,9.0,0.17315183498626502,2021,1,18,0,0,False,True,False,False,False,False,False
2021-01-19,830.6040528810352,6.0,0.2631415324534212,2021,1,19,1,0,False,False,False,False,False,False,True
2021-01-20,664.7646795335517,4.0,0.13014015367643153,2021,1,20,2,0,True,False,False,False,True,False,False
2021-01-21,614.5915469221441,9.0,0.04825445218732386,2021,1,21,3,0,False,False,True,False,True,False,False
2021-01-22,850.8513838755334,5.0,0.1674126975446901,2021,1,22,4,0,False,False,True,False,True,False,False
2021-01-23,588.348446418586,5.0,0.24352566505971296,2021,1,23,5,1,True,False,False,False,False,True,False
2021-01-24,483.23080554546607,5.0,0.222513618453879,2021,1,24,6,1,False,False,True,False,True,False,False
2021-01-25,461.5056239714145,1.0,0.2644352339025064,2021,1,25,0,0,True,False,False,False,False,True,False
2021-01-26,786.4014927018459,1.0,0.08337062917466034,2021,1,26,1,0,False,False,False,False,False,False,False
2021-01-27,626.8164544207717,8.0,0.05818616018033246,2021,1,27,2,0,False,False,False,False,False,False,False
2021-01-28,959.7191272976547,8.0,0.2639449457825816,2021,1,28,3,0,True,False,False,False,True,False,False
2021-01-29,384.7105888174417,6.0,0.1972680938334069,2021,1,29,4,0,False,False,False,False,False,False,True
2021-01-30,951.9684552435058,4.0,0.09327867900226625,2021,1,30,5,1,False,False,False,False,True,False,False
2021-01-31,729.6526200803928,2.0,0.22270441517175274,2021,1,31,6,1,False,False,False,False,False,False,True
2021-02-02,617.2621369786575,9.0,0.1844934721023397,2021,2,2,1,0,False,True,False,False,False,True,False
2021-02-03,759.3704171528107,5.0,0.20636523296397452,2021,2,3,2,0,False,False,True,False,False,False,False
2021-02-04,694.3547946362728,4.0,0.1125779713327999,2021,2,4,3,0,False,False,False,True,False,True,False
2021-02-05,865.9952823024782,1.0,0.1616087002029117,2021,2,5,4,0,False,False,False,False,True,False,False
2021-02-06,718.1341472993059,7.0,0.15724775121784867,2021,2,6,5,1,True,False,False,False,False,True,False
2021-02-07,724.0452642192816,3.0,0.2544143373392316,2021,2,7,6,1,False,False,False,False,False,False,True
2021-02-08,626.8164544207717,6.0,0.25198919408465476,2021,2,8,0,0,False,True,False,False,False,False,False
2021-02-09,626.8164544207717,5.0,0.24980414080411295,2021,2,9,1,0,False,False,False,False,True,False,False
2021-02-10,749.1702653338089,5.0,0.003309484278739738,2021,2,10,2,0,True,False,False,False,True,False,False
2021-02-11,446.97474110150614,5.0,0.22486364534066647,2021,2,11,3,0,False,True,False,False,False,False,False
2021-02-12,501.77218668414304,1.0,0.22760291703330143,2021,2,12,4,0,False,False,False,False,True,False,False
2021-02-13,815.9896141034072,1.0,0.20351364685654255,2021,2,13,5,1,False,True,False,False,False,False,False
2021-02-14,730.6298157191912,5.0,0.22687939736743576,2021,2,14,6,1,False,False,True,False,False,False,False
2021-02-15,677.9024995470982,4.0,0.2525911114490126,2021,2,15,0,0,False,False,True,False,True,False,False
2021-02-16,708.765089959809,5.0,0.14109571623053568,2021,2,16,1,0,False,False,False,False,True,False,False
2021-02-17,758.6372558042507,2.0,0.15061506404653413,2021,2,17,2,0,False,True,False,False,True,False,False
2021-02-19,590.754291189653,2.0,0.11561276491420854,2021,2,19,4,0,False,False,False,False,True,False,False
2021-02-20,737.3767882646522,9.0,0.19300955397353528,2021,2,20,5,1,False,False,True,False,False,False,False
2021-02-21,561.7440833577452,2.0,0.23411993284418234,2021,2,21,6,1,False,False,True,False,True,False,False
2021-02-22,626.8164544207717,9.0,0.06516272930736317,2021,2,22,0,0,False,False,False,False,True,False,False
2021-02-23,626.8164544207717,7.0,0.04134686974777062,2021,2,23,1,0,False,True,False,False,False,True,False
2021-02-25,781.3896223619564,2.0,0.0005639650574731925,2021,2,25,3,0,False,True,False,False,False,False,False
2021-02-26,749.4044601470814,7.0,0.05351177529219895,2021,2,26,4,0,False,False,True,False,False,True,False
2021-02-27,858.903647591827,6.0,0.00872141410318612,2021,2,27,5,1,False,False,True,False,False,True,False
2021-02-28,961.8211666693865,4.0,0.05006553535646128,2021,2,28,6,1,False,False,False,True,True,False,False
2021-03-01,864.6555097527196,7.0,0.05439578397765157,2021,3,1,0,0,False,False,True,False,False,False,False
2021-03-02,626.8164544207717,4.0,0.11630207842511825,2021,3,2,1,0,True,False,False,False,True,False,False
2021-03-03,521.5634549896448,2.0,0.12069813740596678,2021,3,3,2,0,False,False,False,False,True,False,False
2021-03-04,620.2772133456482,7.0,0.2622787411830713,2021,3,4,3,0,False,False,False,False,False,True,False
2021-03-05,718.4136575316251,8.0,0.15303291374964756,2021,3,5,4,0,False,True,False,False,False,True,False
2021-03-06,792.6488530703684,2.0,0.21702142968368587,2021,3,6,5,1,False,False,True,False,False,False,False
2021-03-07,626.8164544207717,5.0,0.03124120737608623,2021,3,7,6,1,True,False,False,False,False,False,False
2021-03-08,744.0150146715617,1.0,0.06763162663910816,2021,3,8,0,0,False,True,False,False,True,False,False
2021-03-09,603.1925601470016,7.0,0.21088303229360303,2021,3,9,1,0,False,False,False,True,False,False,False
2021-03-10,625.2723295512078,8.0,0.015841188140558425,2021,3,10,2,0,False,True,False,False,True,False,False
2021-03-11,506.50083547276665,6.0,0.14597929867312592,2021,3,11,3,0,False,True,False,False,False,False,True
2021-03-12,626.8164544207717,5.0,0.17981068969888014,2021,3,12,4,0,False,False,True,False,True,False,False
2021-03-13,515.7473091575499,5.0,0.1806436932157443,2021,3,13,5,1,False,False,False,True,True,False,False
2021-03-14,572.6190120534001,2.0,0.006879843380412609,2021,3,14,6,1,False,True,False,False,True,False,False
2021-03-15,877.546269491176,1.0,0.09663240126875565,2021,3,15,0,0,True,False,False,False,False,False,True
2021-03-16,577.5901666752086,7.0,0.19094719531474622,2021,3,16,1,0,True,False,False,False,True,False,False
2021-03-18,794.9976851321334,2.0,0.20862469449841597,2021,3,18,3,0,False,False,False,True,False,False,False
2021-03-19,749.225418554231,2.0,0.22377756264410234,2021,3,19,4,0,False,False,False,True,True,False,False
2021-03-21,827.5464819113487,8.0,0.06295259845692282,2021,3,21,6,1,False,True,False,False,True,False,False
2021-03-22,636.6543260643339,8.0,0.24753920029983456,2021,3,22,0,0,False,False,False,True,False,True,False
2021-03-23,626.8164544207717,1.0,0.15608897307559622,2021,3,23,1,0,True,False,False,False,True,False,False
2021-03-25,710.0910150413025,9.0,0.03671302719755338,2021,3,25,3,0,False,False,True,False,True,False,False
2021-03-26,897.3909989428514,4.0,0.22065168194626128,2021,3,26,4,0,False,False,False,True,False,False,False
2021-03-27,620.0235362311169,1.0,0.07075727974310612,2021,3,27,5,1,False,True,False,False,False,False,True
2021-03-28,626.8164544207717,1.0,0.11142660056191372,2021,3,28,6,1,False,False,False,False,False,True,False
2021-03-29,626.8164544207717,3.0,0.01876266806921053,2021,3,29,0,0,False,False,False,False,True,False,False
2021-03-30,632.9549413318349,5.0,0.24041007474585568,2021,3,30,1,0,False,True,False,False,False,False,False
2021-03-31,999.3672836995393,5.0,0.229976557191493,2021,3,31,2,0,False,False,True,False,True,False,False
2021-04-01,834.1627903183213,9.0,0.22008474901269373,2021,4,1,3,0,False,False,False,False,False,False,False
2021-04-02,644.1299836158598,2.0,0.089833053147566,2021,4,2,4,0,False,False,False,True,True,False,False
2021-04-03,823.8611608583282,2.0,0.05204402227978717,2021,4,3,5,1,False,False,True,False,True,False,False
2021-04-04,626.8164544207717,6.0,0.19126597934106893,2021,4,4,6,1,False,False,False,True,True,False,False
2021-04-05,823.2714943325794,9.0,0.14884991523396582,2021,4,5,0,0,True,False,False,False,False,True,False
2021-04-06,494.96629201643157,5.0,0.053475740071392476,2021,4,6,1,0,False,False,True,False,False,False,True
2021-04-07,626.8164544207717,9.0,0.20577338131495912,2021,4,7,2,0,False,False,False,False,False,False,True
2021-04-08,694.3722046672742,9.0,0.2973379295463911,2021,4,8,3,0,False,False,True,False,False,True,False
2021-04-09,720.834985634993,9.0,0.22416587632261128,2021,4,9,4,0,False,False,True,False,False,True,False
2021-04-11,759.6551501399881,9.0,0.2850938258791775,2021,4,11,6,1,False,False,True,False,False,False,False
2021-04-12,533.1983461934848,4.0,0.060880910272470654,2021,4,12,0,0,False,False,False,True,False,False,True
2021-04-13,791.0296776508944,2.0,0.1696649894764321,2021,4,13,1,0,True,False,False,False,True,False,False
2021-04-14,826.0878617925734,6.0,0.293894014510165,2021,4,14,2,0,False,True,False,False,True,False,False
2021-04-15,818.9685671896559,4.0,0.049588233291052365,2021,4,15,3,0,False,False,True,False,False,False,True
2021-04-16,897.6171088331932,6.0,0.2100755878333563,2021,4,16,4,0,False,False,False,False,True,False,False
2021-04-17,861.0883231823357,3.0,0.17574304379157057,2021,4,17,5,1,False,False,True,False,True,False,False
2021-04-18,805.3770118842655,6.0,0.1759437276566121,2021,4,18,6,1,False,False,False,False,False,False,False
2021-04-19,726.4751432812029,2.0,0.20930118825602254,2021,4,19,0,0,False,False,False,True,False,False,False
2021-04-20,488.35585997260125,2.0,0.27888507686270525,2021,4,20,1,0,False,False,False,False,False,True,False
2021-04-22,626.8164544207717,7.0,0.016840831024863,2021,4,22,3,0,True,False,False,False,True,False,False
2021-04-23,779.736825579306,3.0,0.2558184059627134,2021,4,23,4,0,False,False,False,False,False,False,True
2021-04-24,547.9877136269536,1.0,0.06766239897771978,2021,4,24,5,1,False,False,False,False,False,False,False
2021-04-25,626.8164544207717,8.0,0.11307424942091159,2021,4,25,6,1,True,False,False,False,True,False,False
2021-04-26,898.4729279999356,6.0,0.13851984408371465,2021,4,26,0,0,False,True,False,False,False,False,True
2021-04-27,735.0667269215018,7.0,0.1442718002259209,2021,4,27,1,0,False,False,True,False,False,False,False
2021-04-28,843.7251046058936,9.0,0.13055411977660702,2021,4,28,2,0,False,False,False,False,True,False,False
2021-04-29,746.2477564195692,5.0,0.28120598826475934,2021,4,29,3,0,True,False,False,False,True,False,False
2021-04-30,746.9634209243618,1.0,0.21180570229920737,2021,4,30,4,0,False,False,False,True,True,False,False
2021-05-01,883.7425708963997,7.0,0.1893511937870119,2021,5,1,5,1,True,False,False,False,False,False,False
2021-05-02,666.0932907673939,5.0,0.014952608334882466,2021,5,2,6,1,False,False,False,True,True,False,False
2021-05-03,758.4181165411475,3.0,0.2711739990781124,2021,5,3,0,0,False,True,False,False,False,False,True
2021-05-04,675.1587066942436,5.0,0.27281705760251884,2021,5,4,1,0,False,False,True,False,False,False,False
2021-05-05,679.8255658851526,1.0,0.23406391902903068,2021,5,5,2,0,True,False,False,False,False,True,False
2021-05-06,699.124181479704,1.0,0.0021087611440857466,2021,5,6,3,0,False,False,False,False,False,False,False
2021-05-07,779.3200657450569,1.0,0.017184075323287005,2021,5,7,4,0,False,True,False,False,False,False,False
2021-05-08,674.6877067504784,3.0,0.06756711068054692,2021,5,8,5,1,True,False,False,False,False,False,False
2021-05-09,935.3634188360281,6.0,0.03940482244347201,2021,5,9,6,1,False,False,False,False,False,False,False
2021-05-10,613.3089046670744,3.0,0.11965080891111883,2021,5,10,0,0,True,False,False,False,False,False,True
2021-05-11,719.9692533757961,8.0,0.2767869174263369,2021,5,11,1,0,False,False,False,True,True,False,False
2021-05-12,682.5403412588737,2.0,0.14161813025909947,2021,5,12,2,0,True,False,False,False,False,True,False
2021-05-13,966.0466826530599,9.0,0.004020787929649682,2021,5,13,3,0,True,False,False,False,False,False,True
2021-05-14,778.9832164767362,3.0,0.0848237068736286,2021,5,14,4,0,True,False,False,False,True,False,False
